host,metric,value,units,timestamp
[redacted],Interface wg0: Bits received,24,bps,2025-08-12_22-00
[redacted],Interface wg0: Outbound packets discarded,0,,2025-08-12_22-00
[redacted],Interface wg0: Inbound packets discarded,0,,2025-08-12_22-00
[redacted],Total memory,8127234048,B,2025-08-12_22-00
[redacted],REDACTED,REDACTED,,2025-08-12_22-00
[redacted],Free swap space,0,B,2025-08-12_22-00
[redacted],CPU system time,4.287964,%,2025-08-12_22-00
[redacted],CPU user time,5.858268,%,2025-08-12_22-00
[redacted],REDACTED,REDACTED,,2025-08-12_22-00
[redacted],System local time,1755035968,unixtime,2025-08-12_22-00
[redacted],Operating system architecture,x86_64,,2025-08-12_22-00
[redacted],Operating system,"Linux version 6.1.0-28-amd64 (debian-kernel@lists.debian.org) (gcc-12 (Debian 12.2.0-14) 12.2.0, GNU ld (GNU Binutils for Debian) 2.40) #1 SMP PREEMPT_DYNAMIC Debian 6.1.119-1 (2024-11-22)",,2025-08-12_22-00
[redacted],Number of installed packages,447,,2025-08-12_22-00
[redacted],Free swap space in %,100,%,2025-08-12_22-00
[redacted],Zabbix agent ping,1,,2025-08-12_22-00
[redacted],Total swap space,0,B,2025-08-12_22-00
[redacted],REDACTED,REDACTED,,2025-08-12_22-00
[redacted],System uptime,14345154,uptime,2025-08-12_22-00
[redacted],Number of logged in users,2,,2025-08-12_22-00
[redacted],Checksum of /etc/passwd,e3f443aecb3a5c98b56ac3bea5c5be9ddb9a81553ca6d7c00427a299cd78f225,,2025-08-12_22-00
[redacted],Available memory,4558643200,B,2025-08-12_22-00
[redacted],Available memory in %,56.090955,%,2025-08-12_22-00
[redacted],CPU steal time,0,%,2025-08-12_22-00
[redacted],CPU softirq time,1.449014,%,2025-08-12_22-00
[redacted],CPU nice time,0,%,2025-08-12_22-00
[redacted],Load average (1m avg),0.987793,,2025-08-12_22-00
[redacted],Version of Zabbix agent running,7.2.4,,2025-08-12_22-00
[redacted],Maximum number of open file descriptors,9223372036854775807,,2025-08-12_22-00
[redacted],Maximum number of processes,4194304,,2025-08-12_22-00
[redacted],Number of processes,191,,2025-08-12_22-00
[redacted],Number of running processes,2,,2025-08-12_22-00
[redacted],System boot time,1740690822,unixtime,2025-08-12_22-00
[redacted],Interrupts per second,17942.163923056658,,2025-08-12_22-00
[redacted],Load average (5m avg),0.682129,,2025-08-12_22-00
[redacted],CPU iowait time,0.027,%,2025-08-12_22-00
[redacted],Load average (15m avg),0.602051,,2025-08-12_22-00
[redacted],Number of CPUs,4,,2025-08-12_22-00
[redacted],Context switches per second,34627.79227326192,,2025-08-12_22-00
[redacted],CPU guest time,0,%,2025-08-12_22-00
[redacted],CPU guest nice time,0,%,2025-08-12_22-00
[redacted],CPU idle time,88.089564,%,2025-08-12_22-00
[redacted],CPU interrupt time,0,%,2025-08-12_22-00
[redacted],Zabbix agent availability,1,,2025-08-12_22-00
[redacted],Get filesystems,,,2025-08-12_22-00
[redacted],CPU utilization,11.910436000000004,%,2025-08-12_22-00
[redacted],Memory utilization,43.909045,%,2025-08-12_22-00
[redacted],FS [/]: Get data,"{""fsname"":""/"",""options"":""rw,relatime,errors=remount-ro"",""bytes"":{""used"":16533561344,""free"":60473798656,""total"":80321626112,""pused"":21.470105,""pfree"":78.529895},""fstype"":""ext4"",""inodes"":{""used"":161336,""free"":4720408,""total"":4881744,""pused"":3.304884,""pfree"":96.695116}}",,2025-08-12_22-00
[redacted],FS [/]: Space: Available,60473798656,B,2025-08-12_22-00
[redacted],FS [/]: Option: Read-only,0,,2025-08-12_22-00
[redacted],FS [/]: Space: Used,16533561344,B,2025-08-12_22-00
[redacted],FS [/]: Space: Total,80321626112,B,2025-08-12_22-00
[redacted],"FS [/]: Space: Used, in %",21.470105,%,2025-08-12_22-00
[redacted],"FS [/]: Inodes: Free, in %",96.695116,%,2025-08-12_22-00
[redacted],Interface eth0: Bits received,11144,bps,2025-08-12_22-00
[redacted],Interface tailscale0: Bits received,24,bps,2025-08-12_22-00
[redacted],Interface pterodactyl0: Bits received,208,bps,2025-08-12_22-00
[redacted],Interface eth0: Outbound packets discarded,0,,2025-08-12_22-00
[redacted],Interface tailscale0: Outbound packets discarded,0,,2025-08-12_22-00
[redacted],Interface pterodactyl0: Outbound packets discarded,0,,2025-08-12_22-00
[redacted],Interface eth0: Inbound packets discarded,0,,2025-08-12_22-00
[redacted],Interface tailscale0: Inbound packets discarded,0,,2025-08-12_22-00
[redacted],Interface pterodactyl0: Inbound packets discarded,0,,2025-08-12_22-00
[redacted],Interface eth0: Inbound packets with errors,0,,2025-08-12_22-00
[redacted],Interface tailscale0: Inbound packets with errors,0,,2025-08-12_22-00
[redacted],Interface pterodactyl0: Inbound packets with errors,0,,2025-08-12_22-00
[redacted],Interface eth0: Outbound packets with errors,0,,2025-08-12_22-00
[redacted],Interface tailscale0: Outbound packets with errors,0,,2025-08-12_22-00
[redacted],Interface pterodactyl0: Outbound packets with errors,0,,2025-08-12_22-00
[redacted],Interface eth0: Bits sent,16224,bps,2025-08-12_22-00
[redacted],Interface tailscale0: Bits sent,8,bps,2025-08-12_22-00
[redacted],Interface pterodactyl0: Bits sent,120,bps,2025-08-12_22-00
[redacted],Interface eth0: Operational status,6,,2025-08-12_22-00
[redacted],Interface tailscale0: Operational status,0,,2025-08-12_22-00
[redacted],Interface pterodactyl0: Operational status,6,,2025-08-12_22-00
[redacted],Interface eth0: Interface type,1,,2025-08-12_22-00
[redacted],Interface tailscale0: Interface type,65534,,2025-08-12_22-00
[redacted],Interface pterodactyl0: Interface type,1,,2025-08-12_22-00
[redacted],Interface pterodactyl0: Speed,10000000000,bps,2025-08-12_22-00
[redacted],sda: Get stats,,,2025-08-12_22-00
[redacted],sda: Disk write time (rate),0.00553333891914675,,2025-08-12_22-00
[redacted],sda: Disk write rate,11.683345127475517,!w/s,2025-08-12_22-00
[redacted],sda: Disk utilization,0.06666673396562349,%,2025-08-12_22-00
[redacted],sda: Disk read time (rate),0,,2025-08-12_22-00
[redacted],sda: Disk read rate,0,!r/s,2025-08-12_22-00
[redacted],sda: Disk average queue size (avgqu-sz),0.005666672387077997,,2025-08-12_22-00
[redacted],sda: Disk read request avg waiting time (r_await),0,!ms,2025-08-12_22-00
[redacted],sda: Disk write request avg waiting time (w_await),0.8588235294117647,!ms,2025-08-12_22-00
[redacted],Interface wg0: Inbound packets with errors,0,,2025-08-12_22-00
[redacted],Interface wg0: Outbound packets with errors,0,,2025-08-12_22-00
[redacted],Interface wg0: Bits sent,232,bps,2025-08-12_22-00
[redacted],Interface wg0: Operational status,0,,2025-08-12_22-00
[redacted],Interface wg0: Interface type,65534,,2025-08-12_22-00
[redacted],Interface datapath: Bits received,0,bps,2025-08-12_22-00
[redacted],Interface weave: Bits received,216,bps,2025-08-12_22-00
[redacted],Interface vethwe-datapath: Bits received,0,bps,2025-08-12_22-00
[redacted],Interface vethwe-bridge: Bits received,0,bps,2025-08-12_22-00
[redacted],Interface vxlan-6784: Bits received,0,bps,2025-08-12_22-00
[redacted],Interface datapath: Outbound packets discarded,0,,2025-08-12_22-00
[redacted],Interface weave: Outbound packets discarded,0,,2025-08-12_22-00
[redacted],Interface vethwe-datapath: Outbound packets discarded,0,,2025-08-12_22-00
[redacted],Interface vethwe-bridge: Outbound packets discarded,0,,2025-08-12_22-00
[redacted],Interface vxlan-6784: Outbound packets discarded,0,,2025-08-12_22-00
[redacted],Interface datapath: Inbound packets discarded,0,,2025-08-12_22-00
[redacted],Interface weave: Inbound packets discarded,0,,2025-08-12_22-00
[redacted],Interface vethwe-datapath: Inbound packets discarded,0,,2025-08-12_22-00
[redacted],Interface vethwe-bridge: Inbound packets discarded,0,,2025-08-12_22-00
[redacted],Interface vxlan-6784: Inbound packets discarded,0,,2025-08-12_22-00
[redacted],Interface datapath: Inbound packets with errors,0,,2025-08-12_22-00
[redacted],Interface weave: Inbound packets with errors,0,,2025-08-12_22-00
[redacted],Interface vethwe-datapath: Inbound packets with errors,0,,2025-08-12_22-00
[redacted],Interface vethwe-bridge: Inbound packets with errors,0,,2025-08-12_22-00
[redacted],Interface vxlan-6784: Inbound packets with errors,0,,2025-08-12_22-00
[redacted],Interface datapath: Outbound packets with errors,0,,2025-08-12_22-00
[redacted],Interface weave: Outbound packets with errors,0,,2025-08-12_22-00
[redacted],Interface vethwe-datapath: Outbound packets with errors,0,,2025-08-12_22-00
[redacted],Interface vethwe-bridge: Outbound packets with errors,0,,2025-08-12_22-00
[redacted],Interface vxlan-6784: Outbound packets with errors,0,,2025-08-12_22-00
[redacted],Interface datapath: Bits sent,0,bps,2025-08-12_22-00
[redacted],Interface weave: Bits sent,200,bps,2025-08-12_22-00
[redacted],Interface vethwe-datapath: Bits sent,0,bps,2025-08-12_22-00
[redacted],Interface vethwe-bridge: Bits sent,0,bps,2025-08-12_22-00
[redacted],Interface vxlan-6784: Bits sent,0,bps,2025-08-12_22-00
[redacted],Interface datapath: Operational status,0,,2025-08-12_22-00
[redacted],Interface weave: Operational status,6,,2025-08-12_22-00
[redacted],Interface vethwe-datapath: Operational status,6,,2025-08-12_22-00
[redacted],Interface vethwe-bridge: Operational status,6,,2025-08-12_22-00
[redacted],Interface vxlan-6784: Operational status,0,,2025-08-12_22-00
[redacted],Interface datapath: Interface type,1,,2025-08-12_22-00
[redacted],Interface weave: Interface type,1,,2025-08-12_22-00
[redacted],Interface vethwe-datapath: Interface type,1,,2025-08-12_22-00
[redacted],Interface vethwe-bridge: Interface type,1,,2025-08-12_22-00
[redacted],Interface vxlan-6784: Interface type,1,,2025-08-12_22-00
[redacted],Interface weave: Speed,10000000000,bps,2025-08-12_22-00
[redacted],Interface vethwe-datapath: Speed,10000000000,bps,2025-08-12_22-00
[redacted],Interface vethwe-bridge: Speed,10000000000,bps,2025-08-12_22-00
[redacted],Total memory,6212517888,B,2025-08-12_22-00
[redacted],REDACTED,REDACTED,,2025-08-12_22-00
[redacted],Free swap space,0,B,2025-08-12_22-00
[redacted],CPU system time,1.594896,%,2025-08-12_22-00
[redacted],CPU user time,2.409537,%,2025-08-12_22-00
[redacted],REDACTED,REDACTED,,2025-08-12_22-00
[redacted],System local time,1755035963,unixtime,2025-08-12_22-00
[redacted],Operating system architecture,x86_64,,2025-08-12_22-00
[redacted],Operating system,"Linux version 6.1.0-30-amd64 (debian-kernel@lists.debian.org) (gcc-12 (Debian 12.2.0-14) 12.2.0, GNU ld (GNU Binutils for Debian) 2.40) #1 SMP PREEMPT_DYNAMIC Debian 6.1.124-1 (2025-01-12)",,2025-08-12_22-00
[redacted],Number of installed packages,1116,,2025-08-12_22-00
[redacted],Free swap space in %,100,%,2025-08-12_22-00
[redacted],Zabbix agent ping,1,,2025-08-12_22-00
[redacted],Total swap space,0,B,2025-08-12_22-00
[redacted],REDACTED,REDACTED,,2025-08-12_22-00
[redacted],System uptime,192301,uptime,2025-08-12_22-00
[redacted],Number of logged in users,0,,2025-08-12_22-00
[redacted],Checksum of /etc/passwd,97a220aa309785c208bd7ef440e3ab5c32967af27ead18a5bdc912d5cf4baa22,,2025-08-12_22-00
[redacted],Available memory,1575895040,B,2025-08-12_22-00
[redacted],Available memory in %,25.366447,%,2025-08-12_22-00
[redacted],CPU steal time,0,%,2025-08-12_22-00
[redacted],CPU softirq time,0.222465,%,2025-08-12_22-00
[redacted],CPU nice time,0,%,2025-08-12_22-00
[redacted],Connections sum: Active,1,,2025-08-12_22-00
[redacted],Connections sum: Disabled,0,,2025-08-12_22-00
[redacted],Connections sum: Fastpath function call,0,,2025-08-12_22-00
[redacted],Load average (1m avg),0.189941,,2025-08-12_22-00
[redacted],Version of Zabbix agent running,7.2.5,,2025-08-12_22-00
[redacted],Maximum number of open file descriptors,9223372036854775807,,2025-08-12_22-00
[redacted],Maximum number of processes,4194304,,2025-08-12_22-00
[redacted],Number of processes,322,,2025-08-12_22-00
[redacted],Number of running processes,0,,2025-08-12_22-00
[redacted],System boot time,1754843699,unixtime,2025-08-12_22-00
[redacted],Interrupts per second,984.9452748946486,,2025-08-12_22-00
[redacted],Load average (5m avg),0.17041,,2025-08-12_22-00
[redacted],CPU iowait time,0.016785,%,2025-08-12_22-00
[redacted],Load average (15m avg),0.1875,,2025-08-12_22-00
[redacted],Number of CPUs,4,,2025-08-12_22-00
[redacted],Context switches per second,1537.2457171262636,,2025-08-12_22-00
[redacted],CPU guest time,0,%,2025-08-12_22-00
[redacted],CPU guest nice time,0,%,2025-08-12_22-00
[redacted],CPU idle time,95.539049,%,2025-08-12_22-00
[redacted],CPU interrupt time,0,%,2025-08-12_22-00
[redacted],Zabbix agent availability,1,,2025-08-12_22-00
[redacted],Get filesystems,,,2025-08-12_22-00
[redacted],CPU utilization,4.460950999999994,%,2025-08-12_22-00
[redacted],Memory utilization,74.633553,%,2025-08-12_22-00
[redacted],Interface eth0: Bits received,48720,bps,2025-08-12_22-00
[redacted],Interface tailscale0: Bits received,2768,bps,2025-08-12_22-00
[redacted],Interface eth0: Outbound packets discarded,0,,2025-08-12_22-00
[redacted],Interface tailscale0: Outbound packets discarded,0,,2025-08-12_22-00
[redacted],Interface eth0: Inbound packets discarded,0,,2025-08-12_22-00
[redacted],Interface tailscale0: Inbound packets discarded,0,,2025-08-12_22-00
[redacted],Interface eth0: Inbound packets with errors,0,,2025-08-12_22-00
[redacted],Interface tailscale0: Inbound packets with errors,0,,2025-08-12_22-00
[redacted],Interface eth0: Outbound packets with errors,0,,2025-08-12_22-00
[redacted],Interface tailscale0: Outbound packets with errors,0,,2025-08-12_22-00
[redacted],Interface eth0: Bits sent,39240,bps,2025-08-12_22-00
[redacted],Interface tailscale0: Bits sent,4008,bps,2025-08-12_22-00
[redacted],Interface eth0: Operational status,6,,2025-08-12_22-00
[redacted],Interface tailscale0: Operational status,0,,2025-08-12_22-00
[redacted],Interface eth0: Interface type,1,,2025-08-12_22-00
[redacted],Interface tailscale0: Interface type,65534,,2025-08-12_22-00
[redacted],Interface br-mailcow: Interface type,1,,2025-08-12_22-00
[redacted],sda: Get stats,,,2025-08-12_22-00
[redacted],sda: Disk write time (rate),0.0025166345352416308,,2025-08-12_22-00
[redacted],sda: Disk write rate,2.9666287898874852,!w/s,2025-08-12_22-00
[redacted],sda: Disk utilization,0.07333239705339852,%,2025-08-12_22-00
[redacted],sda: Disk read time (rate),0,,2025-08-12_22-00
[redacted],sda: Disk read rate,0.01666645387577239,!r/s,2025-08-12_22-00
[redacted],sda: Disk average queue size (avgqu-sz),0.002616633258496265,,2025-08-12_22-00
[redacted],FS [/]: Get data,"{""fsname"":""/"",""options"":""rw,relatime,errors=remount-ro"",""bytes"":{""used"":18826063872,""free"":379281534976,""total"":419491782656,""pused"":4.7288883524144723,""pfree"":95.271111647585528},""fstype"":""ext4"",""inodes"":{""used"":644273,""free"":25439055,""total"":26083328,""pused"":2.4700567350914731,""pfree"":97.529943264908525}}",,2025-08-12_22-00
[redacted],FS [/]: Space: Available,379281534976,B,2025-08-12_22-00
[redacted],FS [/]: Option: Read-only,0,,2025-08-12_22-00
[redacted],FS [/]: Space: Used,18826063872,B,2025-08-12_22-00
[redacted],FS [/]: Space: Total,419491782656,B,2025-08-12_22-00
[redacted],"FS [/]: Space: Used, in %",4.728888352414472,%,2025-08-12_22-00
[redacted],"FS [/]: Inodes: Free, in %",97.52994326490852,%,2025-08-12_22-00
[redacted],FS [/boot]: Get data,"{""fsname"":""/boot"",""options"":""rw,noatime"",""bytes"":{""used"":153800704,""free"":1793986560,""total"":2071830528,""pused"":7.8961756677755943,""pfree"":92.1038243322244},""fstype"":""ext4"",""inodes"":{""used"":360,""free"":130712,""total"":131072,""pused"":0.274658203125,""pfree"":99.725341796875}}",,2025-08-12_22-00
[redacted],FS [/boot]: Space: Available,1793986560,B,2025-08-12_22-00
[redacted],FS [/boot]: Option: Read-only,0,,2025-08-12_22-00
[redacted],FS [/boot]: Space: Used,153800704,B,2025-08-12_22-00
[redacted],FS [/boot]: Space: Total,2071830528,B,2025-08-12_22-00
[redacted],"FS [/boot]: Space: Used, in %",7.896175667775594,%,2025-08-12_22-00
[redacted],"FS [/boot]: Inodes: Free, in %",99.725341796875,%,2025-08-12_22-00
[redacted],sda: Disk read request avg waiting time (r_await),0.5,!ms,2025-08-12_22-00
[redacted],sda: Disk write request avg waiting time (w_await),0.7380952380952381,!ms,2025-08-12_22-00
[redacted],Interface br-mailcow: Outbound packets discarded,0,,2025-08-12_22-00
[redacted],Interface br-mailcow: Inbound packets discarded,0,,2025-08-12_22-00
[redacted],Interface br-mailcow: Inbound packets with errors,0,,2025-08-12_22-00
[redacted],Interface br-mailcow: Outbound packets with errors,0,,2025-08-12_22-00
[redacted],Interface br-mailcow: Bits sent,34008,bps,2025-08-12_22-00
[redacted],Interface br-mailcow: Bits received,6744,bps,2025-08-12_22-00
[redacted],Interface br-mailcow: Operational status,6,,2025-08-12_22-00
[redacted],Connections sum: Idle,4,,2025-08-12_22-00
[redacted],Connections sum: Idle in transaction,0,,2025-08-12_22-00
[redacted],Connections sum: Idle in transaction (aborted),0,,2025-08-12_22-00
[redacted],Connections sum: Prepared,0,,2025-08-12_22-00
[redacted],Connections sum: Total,5,,2025-08-12_22-00
[redacted],"Connections sum: Total, %",5,%,2025-08-12_22-00
[redacted],Connections sum: Waiting,4,,2025-08-12_22-00
[redacted],DB [client-forms-shadow]: Bloating tables,0,,2025-08-12_22-00
[redacted],Interface br-mailcow: Speed,10000000000,bps,2025-08-12_22-00
[redacted],Get bgwriter,,,2025-08-12_22-00
[redacted],Get dbstat sum,,,2025-08-12_22-00
[redacted],Get dbstat,,,2025-08-12_22-00
[redacted],Get locks,,,2025-08-12_22-00
[redacted],Age of oldest xid,0,,2025-08-12_22-00
[redacted],Ping,1,,2025-08-12_22-00
[redacted],Get queries,,,2025-08-12_22-00
[redacted],Replication: Standby count,0,,2025-08-12_22-00
[redacted],Replication: Lag in bytes,0,B,2025-08-12_22-00
[redacted],Replication: Lag in seconds,0,s,2025-08-12_22-00
[redacted],Get replication,,,2025-08-12_22-00
[redacted],Replication: Recovery role,0,,2025-08-12_22-00
[redacted],Replication: Status,2,,2025-08-12_22-00
[redacted],Uptime,192262.099214,s,2025-08-12_22-00
[redacted],Version,"PostgreSQL 15.10 (Debian 15.10-0+deb12u1) on x86_64-pc-linux-gnu, compiled by gcc (Debian 12.2.0-14) 12.2.0, 64-bit",,2025-08-12_22-00
[redacted],Get WAL,,,2025-08-12_22-00
[redacted],Bgwriter: Buffers allocated per second,0,,2025-08-12_22-00
[redacted],Bgwriter: Buffers written directly by a backend per second,0,,2025-08-12_22-00
[redacted],Bgwriter: Times a backend executed its own fsync per second,0,,2025-08-12_22-00
[redacted],Checkpoint: Buffers written during checkpoints per second,0,,2025-08-12_22-00
[redacted],Checkpoint: Buffers written by the background writer per second,0,,2025-08-12_22-00
[redacted],Checkpoint: Requested per second,0,,2025-08-12_22-00
[redacted],Checkpoint: Scheduled per second,0,,2025-08-12_22-00
[redacted],Checkpoint: Checkpoint sync time per second,0,s,2025-08-12_22-00
[redacted],Checkpoint: Checkpoint write time per second,0,s,2025-08-12_22-00
[redacted],Bgwriter: Number of bgwriter cleaning scan stopped per second,0,,2025-08-12_22-00
[redacted],Dbstat: Number temp bytes per second,0,b,2025-08-12_22-00
[redacted],Dbstat: Hit blocks read per second,12.000091575098828,,2025-08-12_22-00
[redacted],Dbstat: Disk blocks read per second,0,,2025-08-12_22-00
[redacted],Dbstat: Blocks read time,0,s,2025-08-12_22-00
[redacted],Dbstat: Blocks write time,0,s,2025-08-12_22-00
[redacted],Dbstat: Checksum failures per second,0,,2025-08-12_22-00
[redacted],Dbstat: Conflicts per second,0,,2025-08-12_22-00
[redacted],Dbstat: Deadlocks per second,0,,2025-08-12_22-00
[redacted],Dbstat: Backends connected,5,,2025-08-12_22-00
[redacted],Dbstat: Number temp files per second,0,,2025-08-12_22-00
[redacted],Dbstat: Rows deleted per second,0,,2025-08-12_22-00
[redacted],Dbstat: Rows fetched per second,2.2666839641853342,,2025-08-12_22-00
[redacted],Dbstat: Rows inserted per second,0,,2025-08-12_22-00
[redacted],Dbstat: Rows returned per second,127.38430542844492,,2025-08-12_22-00
[redacted],Dbstat: Rows updated per second,0,,2025-08-12_22-00
[redacted],Dbstat: Committed transactions per second,0.4166698463575982,,2025-08-12_22-00
[redacted],Dbstat: Roll backed transactions per second,0.03333358770860786,,2025-08-12_22-00
[redacted],WAL: Segments count,2,,2025-08-12_22-00
[redacted],WAL: Bytes received,0,B,2025-08-12_22-00
[redacted],WAL: Bytes written,0,B,2025-08-12_22-00
[redacted],"Cache hit ratio, %",100.00000000000001,%,2025-08-12_22-00
[redacted],Count of autovacuum workers,0,,2025-08-12_22-00
[redacted],Get connections sum,,,2025-08-12_22-00
[redacted],Get archive,,,2025-08-12_22-00
[redacted],Archive: Count of archived files,0,,2025-08-12_22-00
[redacted],Archive: Count of files in archive_status need to archive,0,,2025-08-12_22-00
[redacted],Archive: Count of failed attempts to archive files,0,,2025-08-12_22-00
[redacted],Archive: Size of files need to archive,0,,2025-08-12_22-00
[redacted],DB [postgres]: Database age,6259,,2025-08-12_22-00
[redacted],DB [shadowCloud]: Database age,6259,,2025-08-12_22-00
[redacted],DB [client-forms]: Database age,6259,,2025-08-12_22-00
[redacted],DB [client-forms-shadow]: Database age,6259,,2025-08-12_22-00
[redacted],DB [shadowCloud]: Bloating tables,0,,2025-08-12_22-00
[redacted],DB [postgres]: Database size,7648047,B,2025-08-12_22-00
[redacted],DB [shadowCloud]: Database size,10703663,B,2025-08-12_22-00
[redacted],DB [client-forms]: Database size,8344367,B,2025-08-12_22-00
[redacted],DB [client-forms-shadow]: Database size,7705391,B,2025-08-12_22-00
[redacted],DB [postgres]: Get dbstat,,,2025-08-12_22-00
[redacted],DB [postgres]: Rollbacks per second,0,,2025-08-12_22-00
[redacted],DB [postgres]: Commits per second,0.3666647005494315,,2025-08-12_22-00
[redacted],DB [postgres]: Tuples updated per second,0,,2025-08-12_22-00
[redacted],DB [postgres]: Tuples returned per second,21.416551827546343,,2025-08-12_22-00
[redacted],DB [postgres]: Tuples inserted per second,0,,2025-08-12_22-00
[redacted],DB [postgres]: Tuples fetched per second,0.23333208216782006,,2025-08-12_22-00
[redacted],DB [postgres]: Tuples deleted per second,0,,2025-08-12_22-00
[redacted],DB [postgres]: Temp_files created per second,0,,2025-08-12_22-00
[redacted],DB [postgres]: Temp_bytes written per second,0,B,2025-08-12_22-00
[redacted],DB [postgres]: Backends connected,2,,2025-08-12_22-00
[redacted],DB [postgres]: Detected deadlocks per second,0,,2025-08-12_22-00
[redacted],DB [postgres]: Detected conflicts per second,0,,2025-08-12_22-00
[redacted],DB [postgres]: Checksum failures,0,,2025-08-12_22-00
[redacted],DB [postgres]: Disk blocks write time,0,s,2025-08-12_22-00
[redacted],DB [postgres]: Disk blocks read time per second,0,s,2025-08-12_22-00
[redacted],DB [postgres]: Blocks hit per second,1.4499922249000246,,2025-08-12_22-00
[redacted],DB [postgres]: Disk blocks read per second,0,,2025-08-12_22-00
[redacted],DB [shadowCloud]: Get dbstat,,,2025-08-12_22-00
[redacted],DB [shadowCloud]: Rollbacks per second,0,,2025-08-12_22-00
[redacted],DB [shadowCloud]: Commits per second,0.0499997318931043,,2025-08-12_22-00
[redacted],DB [shadowCloud]: Tuples updated per second,0,,2025-08-12_22-00
[redacted],DB [shadowCloud]: Tuples returned per second,25.93319427522343,,2025-08-12_22-00
[redacted],DB [shadowCloud]: Tuples inserted per second,0,,2025-08-12_22-00
[redacted],DB [shadowCloud]: Tuples fetched per second,0.23333208216782006,,2025-08-12_22-00
[redacted],DB [shadowCloud]: Tuples deleted per second,0,,2025-08-12_22-00
[redacted],DB [shadowCloud]: Temp_files created per second,0,,2025-08-12_22-00
[redacted],DB [shadowCloud]: Temp_bytes written per second,0,B,2025-08-12_22-00
[redacted],DB [shadowCloud]: Backends connected,1,,2025-08-12_22-00
[redacted],DB [shadowCloud]: Detected deadlocks per second,0,,2025-08-12_22-00
[redacted],DB [shadowCloud]: Detected conflicts per second,0,,2025-08-12_22-00
[redacted],DB [shadowCloud]: Checksum failures,0,,2025-08-12_22-00
[redacted],DB [shadowCloud]: Disk blocks write time,0,s,2025-08-12_22-00
[redacted],DB [shadowCloud]: Disk blocks read time per second,0,s,2025-08-12_22-00
[redacted],DB [shadowCloud]: Blocks hit per second,1.999989275724172,,2025-08-12_22-00
[redacted],DB [shadowCloud]: Disk blocks read per second,0,,2025-08-12_22-00
[redacted],DB [cloud_gameservers]: Get dbstat,,,2025-08-12_22-00
[redacted],DB [cloud_gameservers]: Rollbacks per second,0.03333315459540286,,2025-08-12_22-00
[redacted],DB [cloud_gameservers]: Commits per second,0.03333315459540286,,2025-08-12_22-00
[redacted],DB [cloud_gameservers]: Tuples updated per second,0,,2025-08-12_22-00
[redacted],DB [cloud_gameservers]: Tuples returned per second,17.866570863135937,,2025-08-12_22-00
[redacted],DB [cloud_gameservers]: Tuples inserted per second,0,,2025-08-12_22-00
[redacted],DB [cloud_gameservers]: Tuples fetched per second,0.23333208216782006,,2025-08-12_22-00
[redacted],DB [cloud_gameservers]: Tuples deleted per second,0,,2025-08-12_22-00
[redacted],DB [cloud_gameservers]: Temp_files created per second,0,,2025-08-12_22-00
[redacted],DB [cloud_gameservers]: Temp_bytes written per second,0,B,2025-08-12_22-00
[redacted],DB [cloud_gameservers]: Backends connected,0,,2025-08-12_22-00
[redacted],DB [cloud_gameservers]: Detected deadlocks per second,0,,2025-08-12_22-00
[redacted],DB [cloud_gameservers]: Detected conflicts per second,0,,2025-08-12_22-00
[redacted],DB [cloud_gameservers]: Checksum failures,0,,2025-08-12_22-00
[redacted],DB [cloud_gameservers]: Disk blocks write time,0,s,2025-08-12_22-00
[redacted],DB [cloud_gameservers]: Disk blocks read time per second,0,s,2025-08-12_22-00
[redacted],DB [cloud_gameservers]: Blocks hit per second,1.316659606518413,,2025-08-12_22-00
[redacted],DB [cloud_gameservers]: Disk blocks read per second,0,,2025-08-12_22-00
[redacted],DB [client-forms]: Get dbstat,,,2025-08-12_22-00
[redacted],DB [client-forms]: Rollbacks per second,0,,2025-08-12_22-00
[redacted],DB [client-forms]: Commits per second,0.06666630919080573,,2025-08-12_22-00
[redacted],DB [client-forms]: Tuples updated per second,0,,2025-08-12_22-00
[redacted],DB [client-forms]: Tuples returned per second,24.249869968155586,,2025-08-12_22-00
[redacted],DB [client-forms]: Tuples inserted per second,0,,2025-08-12_22-00
[redacted],DB [client-forms]: Tuples fetched per second,0.23333208216782006,,2025-08-12_22-00
[redacted],DB [client-forms]: Tuples deleted per second,0,,2025-08-12_22-00
[redacted],DB [client-forms]: Temp_files created per second,0,,2025-08-12_22-00
[redacted],DB [client-forms]: Temp_bytes written per second,0,B,2025-08-12_22-00
[redacted],DB [client-forms]: Backends connected,1,,2025-08-12_22-00
[redacted],DB [client-forms]: Detected deadlocks per second,0,,2025-08-12_22-00
[redacted],DB [client-forms]: Detected conflicts per second,0,,2025-08-12_22-00
[redacted],DB [client-forms]: Checksum failures,0,,2025-08-12_22-00
[redacted],DB [client-forms]: Disk blocks write time,0,s,2025-08-12_22-00
[redacted],DB [client-forms]: Disk blocks read time per second,0,s,2025-08-12_22-00
[redacted],DB [client-forms]: Blocks hit per second,1.4499922249000246,,2025-08-12_22-00
[redacted],DB [client-forms]: Disk blocks read per second,0,,2025-08-12_22-00
[redacted],DB [client-forms-shadow]: Get dbstat,,,2025-08-12_22-00
[redacted],DB [client-forms-shadow]: Rollbacks per second,0,,2025-08-12_22-00
[redacted],DB [client-forms-shadow]: Commits per second,0.06666630919080573,,2025-08-12_22-00
[redacted],DB [client-forms-shadow]: Tuples updated per second,0,,2025-08-12_22-00
[redacted],DB [client-forms-shadow]: Tuples returned per second,21.416551827546343,,2025-08-12_22-00
[redacted],DB [client-forms-shadow]: Tuples inserted per second,0,,2025-08-12_22-00
[redacted],DB [client-forms-shadow]: Tuples fetched per second,0.23333208216782006,,2025-08-12_22-00
[redacted],DB [client-forms-shadow]: Tuples deleted per second,0,,2025-08-12_22-00
[redacted],DB [client-forms-shadow]: Temp_files created per second,0,,2025-08-12_22-00
[redacted],DB [client-forms-shadow]: Temp_bytes written per second,0,B,2025-08-12_22-00
[redacted],DB [client-forms-shadow]: Backends connected,1,,2025-08-12_22-00
[redacted],DB [client-forms-shadow]: Detected deadlocks per second,0,,2025-08-12_22-00
[redacted],DB [client-forms-shadow]: Detected conflicts per second,0,,2025-08-12_22-00
[redacted],DB [client-forms-shadow]: Checksum failures,0,,2025-08-12_22-00
[redacted],DB [client-forms-shadow]: Disk blocks write time,0,s,2025-08-12_22-00
[redacted],DB [client-forms-shadow]: Disk blocks read time per second,0,s,2025-08-12_22-00
[redacted],DB [client-forms-shadow]: Blocks hit per second,1.4499922249000246,,2025-08-12_22-00
[redacted],DB [client-forms-shadow]: Disk blocks read per second,0,,2025-08-12_22-00
[redacted],DB [postgres]: Get locks,,,2025-08-12_22-00
[redacted],DB [postgres]: Num of locks total,1,,2025-08-12_22-00
[redacted],DB [postgres]: Num of share locks,0,,2025-08-12_22-00
[redacted],DB [postgres]: Num of shareupdateexclusive locks,0,,2025-08-12_22-00
[redacted],DB [postgres]: Num of sharerowexclusive locks,0,,2025-08-12_22-00
[redacted],DB [client-forms]: Bloating tables,0,,2025-08-12_22-00
[redacted],DB [postgres]: Bloating tables,0,,2025-08-12_22-00
[redacted],DB [postgres]: Num of rowshare locks,0,,2025-08-12_22-00
[redacted],DB [postgres]: Num of rowexclusive locks,0,,2025-08-12_22-00
[redacted],DB [postgres]: Num of exclusive locks,0,,2025-08-12_22-00
[redacted],DB [postgres]: Num of accessshare locks,1,,2025-08-12_22-00
[redacted],DB [postgres]: Num of accessexclusive locks,0,,2025-08-12_22-00
[redacted],DB [shadowCloud]: Get locks,,,2025-08-12_22-00
[redacted],DB [shadowCloud]: Num of locks total,0,,2025-08-12_22-00
[redacted],DB [shadowCloud]: Num of share locks,0,,2025-08-12_22-00
[redacted],DB [shadowCloud]: Num of shareupdateexclusive locks,0,,2025-08-12_22-00
[redacted],DB [shadowCloud]: Num of sharerowexclusive locks,0,,2025-08-12_22-00
[redacted],DB [shadowCloud]: Num of rowshare locks,0,,2025-08-12_22-00
[redacted],DB [shadowCloud]: Num of rowexclusive locks,0,,2025-08-12_22-00
[redacted],DB [shadowCloud]: Num of exclusive locks,0,,2025-08-12_22-00
[redacted],DB [shadowCloud]: Num of accessshare locks,0,,2025-08-12_22-00
[redacted],DB [shadowCloud]: Num of accessexclusive locks,0,,2025-08-12_22-00
[redacted],DB [cloud_gameservers]: Get locks,,,2025-08-12_22-00
[redacted],DB [cloud_gameservers]: Num of locks total,0,,2025-08-12_22-00
[redacted],DB [cloud_gameservers]: Num of share locks,0,,2025-08-12_22-00
[redacted],DB [cloud_gameservers]: Num of shareupdateexclusive locks,0,,2025-08-12_22-00
[redacted],DB [cloud_gameservers]: Num of sharerowexclusive locks,0,,2025-08-12_22-00
[redacted],DB [cloud_gameservers]: Num of rowshare locks,0,,2025-08-12_22-00
[redacted],DB [cloud_gameservers]: Num of rowexclusive locks,0,,2025-08-12_22-00
[redacted],DB [cloud_gameservers]: Num of exclusive locks,0,,2025-08-12_22-00
[redacted],DB [cloud_gameservers]: Num of accessshare locks,0,,2025-08-12_22-00
[redacted],DB [cloud_gameservers]: Num of accessexclusive locks,0,,2025-08-12_22-00
[redacted],DB [client-forms]: Get locks,,,2025-08-12_22-00
[redacted],DB [client-forms]: Num of locks total,0,,2025-08-12_22-00
[redacted],DB [client-forms]: Num of share locks,0,,2025-08-12_22-00
[redacted],DB [client-forms]: Num of shareupdateexclusive locks,0,,2025-08-12_22-00
[redacted],DB [client-forms]: Num of sharerowexclusive locks,0,,2025-08-12_22-00
[redacted],DB [client-forms]: Num of rowshare locks,0,,2025-08-12_22-00
[redacted],DB [client-forms]: Num of rowexclusive locks,0,,2025-08-12_22-00
[redacted],DB [client-forms]: Num of exclusive locks,0,,2025-08-12_22-00
[redacted],DB [client-forms]: Num of accessshare locks,0,,2025-08-12_22-00
[redacted],DB [client-forms]: Num of accessexclusive locks,0,,2025-08-12_22-00
[redacted],DB [client-forms-shadow]: Get locks,,,2025-08-12_22-00
[redacted],DB [client-forms-shadow]: Num of locks total,0,,2025-08-12_22-00
[redacted],DB [client-forms-shadow]: Num of share locks,0,,2025-08-12_22-00
[redacted],DB [client-forms-shadow]: Num of shareupdateexclusive locks,0,,2025-08-12_22-00
[redacted],DB [client-forms-shadow]: Num of sharerowexclusive locks,0,,2025-08-12_22-00
[redacted],DB [client-forms-shadow]: Num of rowshare locks,0,,2025-08-12_22-00
[redacted],DB [client-forms-shadow]: Num of rowexclusive locks,0,,2025-08-12_22-00
[redacted],DB [client-forms-shadow]: Num of exclusive locks,0,,2025-08-12_22-00
[redacted],DB [client-forms-shadow]: Num of accessshare locks,0,,2025-08-12_22-00
[redacted],DB [client-forms-shadow]: Num of accessexclusive locks,0,,2025-08-12_22-00
[redacted],DB [postgres]: Get queries,,,2025-08-12_22-00
[redacted],DB [postgres]: Queries sum transaction time,0,s,2025-08-12_22-00
[redacted],DB [postgres]: Queries max transaction time,0,s,2025-08-12_22-00
[redacted],DB [postgres]: Queries slow transaction count,0,,2025-08-12_22-00
[redacted],DB [postgres]: Queries sum query time,0,s,2025-08-12_22-00
[redacted],DB [postgres]: Queries max query time,0,s,2025-08-12_22-00
[redacted],DB [postgres]: Queries slow query count,0,,2025-08-12_22-00
[redacted],DB [postgres]: Queries sum maintenance time,0,s,2025-08-12_22-00
[redacted],DB [postgres]: Queries max maintenance time,0,s,2025-08-12_22-00
[redacted],DB [postgres]: Queries slow maintenance count,0,,2025-08-12_22-00
[redacted],DB [shadowCloud]: Get queries,,,2025-08-12_22-00
[redacted],DB [shadowCloud]: Queries sum transaction time,0,s,2025-08-12_22-00
[redacted],DB [shadowCloud]: Queries max transaction time,0,s,2025-08-12_22-00
[redacted],DB [shadowCloud]: Queries slow transaction count,0,,2025-08-12_22-00
[redacted],DB [shadowCloud]: Queries sum query time,0,s,2025-08-12_22-00
[redacted],DB [shadowCloud]: Queries max query time,0,s,2025-08-12_22-00
[redacted],DB [shadowCloud]: Queries slow query count,0,,2025-08-12_22-00
[redacted],DB [shadowCloud]: Queries sum maintenance time,0,s,2025-08-12_22-00
[redacted],DB [shadowCloud]: Queries max maintenance time,0,s,2025-08-12_22-00
[redacted],DB [shadowCloud]: Queries slow maintenance count,0,,2025-08-12_22-00
[redacted],DB [cloud_gameservers]: Get queries,,,2025-08-12_22-00
[redacted],DB [cloud_gameservers]: Queries sum transaction time,0,s,2025-08-12_22-00
[redacted],DB [cloud_gameservers]: Queries max transaction time,0,s,2025-08-12_22-00
[redacted],DB [cloud_gameservers]: Queries slow transaction count,0,,2025-08-12_22-00
[redacted],DB [cloud_gameservers]: Queries sum query time,0,s,2025-08-12_22-00
[redacted],DB [cloud_gameservers]: Queries max query time,0,s,2025-08-12_22-00
[redacted],DB [cloud_gameservers]: Queries slow query count,0,,2025-08-12_22-00
[redacted],DB [cloud_gameservers]: Queries sum maintenance time,0,s,2025-08-12_22-00
[redacted],DB [cloud_gameservers]: Queries max maintenance time,0,s,2025-08-12_22-00
[redacted],DB [cloud_gameservers]: Queries slow maintenance count,0,,2025-08-12_22-00
[redacted],DB [client-forms]: Get queries,,,2025-08-12_22-00
[redacted],DB [client-forms]: Queries sum transaction time,0,s,2025-08-12_22-00
[redacted],DB [client-forms]: Queries max transaction time,0,s,2025-08-12_22-00
[redacted],DB [client-forms]: Queries slow transaction count,0,,2025-08-12_22-00
[redacted],DB [client-forms]: Queries sum query time,0,s,2025-08-12_22-00
[redacted],DB [client-forms]: Queries max query time,0,s,2025-08-12_22-00
[redacted],DB [client-forms]: Queries slow query count,0,,2025-08-12_22-00
[redacted],DB [client-forms]: Queries sum maintenance time,0,s,2025-08-12_22-00
[redacted],DB [client-forms]: Queries max maintenance time,0,s,2025-08-12_22-00
[redacted],DB [client-forms]: Queries slow maintenance count,0,,2025-08-12_22-00
[redacted],DB [client-forms-shadow]: Get queries,,,2025-08-12_22-00
[redacted],DB [client-forms-shadow]: Queries sum transaction time,0,s,2025-08-12_22-00
[redacted],DB [client-forms-shadow]: Queries max transaction time,0,s,2025-08-12_22-00
[redacted],DB [client-forms-shadow]: Queries slow transaction count,0,,2025-08-12_22-00
[redacted],DB [client-forms-shadow]: Queries sum query time,0,s,2025-08-12_22-00
[redacted],DB [client-forms-shadow]: Queries max query time,0,s,2025-08-12_22-00
[redacted],DB [client-forms-shadow]: Queries slow query count,0,,2025-08-12_22-00
[redacted],DB [client-forms-shadow]: Queries sum maintenance time,0,s,2025-08-12_22-00
[redacted],DB [client-forms-shadow]: Queries max maintenance time,0,s,2025-08-12_22-00
[redacted],DB [client-forms-shadow]: Queries slow maintenance count,0,,2025-08-12_22-00
[redacted],Number of processed numeric (float) values per second,6.125522327391957,!vps,2025-08-12_22-00
[redacted],Number of processed character values per second,0,!vps,2025-08-12_22-00
[redacted],Number of processed log values per second,0,!vps,2025-08-12_22-00
[redacted],Number of processed numeric (unsigned) values per second,6.142153781405174,!vps,2025-08-12_22-00
[redacted],Number of processed text values per second,0.9820794345094521,!vps,2025-08-12_22-00
[redacted],Number of processed not supported values per second,0.38284308064024347,!vps,2025-08-12_22-00
[redacted],"Utilization of alerter internal processes, in %",0,%,2025-08-12_22-00
[redacted],"Utilization of configuration syncer internal processes, in %",0.4719366256531266,%,2025-08-12_22-00
[redacted],"Utilization of escalator internal processes, in %",0.06767044493317544,%,2025-08-12_22-00
[redacted],"Utilization of history syncer internal processes, in %",0.3724552418842849,%,2025-08-12_22-00
[redacted],"Utilization of housekeeper internal processes, in %",0,%,2025-08-12_22-00
[redacted],"Utilization of http poller data collector processes, in %",0,%,2025-08-12_22-00
[redacted],"Utilization of icmp pinger data collector processes, in %",0,%,2025-08-12_22-00
[redacted],"Utilization of poller data collector processes, in %",0,%,2025-08-12_22-00
[redacted],"Utilization of proxy poller data collector processes, in %",0,%,2025-08-12_22-00
[redacted],"Utilization of self-monitoring internal processes, in %",0.016943409013893594,%,2025-08-12_22-00
[redacted],"Utilization of timer internal processes, in %",0,%,2025-08-12_22-00
[redacted],"Utilization of trapper data collector processes, in %",0.006794401413235494,%,2025-08-12_22-00
[redacted],"Utilization of unreachable poller data collector processes, in %",0,%,2025-08-12_22-00
[redacted],Queue over 10 minutes,0,,2025-08-12_22-00
[redacted],Queue,0,,2025-08-12_22-00
[redacted],"Configuration cache, % used",27.48239040374756,%,2025-08-12_22-00
[redacted],"History write cache, % used",0,%,2025-08-12_22-00
[redacted],"History index cache, % used",0.6186121570736955,%,2025-08-12_22-00
[redacted],"Trend write cache, % used",2.193450927734375,%,2025-08-12_22-00
[redacted],Number of processed values per second,13.24970704165335,!vps,2025-08-12_22-00
[redacted],"Value cache, % used",2.02760441304381,%,2025-08-12_22-00
[redacted],Value cache hits,29.529880006163726,!vps,2025-08-12_22-00
[redacted],Value cache misses,0,!vps,2025-08-12_22-00
[redacted],Value cache operating mode,0,!vps,2025-08-12_22-00
[redacted],"Utilization of task manager internal processes, in %",0,%,2025-08-12_22-00
[redacted],"Utilization of alert manager internal processes, in %",0.016923337282112032,%,2025-08-12_22-00
[redacted],"Utilization of preprocessing manager internal processes, in %",0.03390405153415833,%,2025-08-12_22-00
[redacted],"Utilization of preprocessing worker internal processes, in %",0.004213963816876838,%,2025-08-12_22-00
[redacted],Preprocessing queue,0,,2025-08-12_22-00
[redacted],LLD queue,0,,2025-08-12_22-00
[redacted],"Utilization of LLD manager internal processes, in %",0,%,2025-08-12_22-00
[redacted],"Utilization of LLD worker internal processes, in %",0,%,2025-08-12_22-00
[redacted],"Utilization of alert syncer internal processes, in %",0.06769334912844813,%,2025-08-12_22-00
[redacted],"Trend function cache, % of unique requests",0,%,2025-08-12_22-00
[redacted],"Trend function cache, % of misses",0,%,2025-08-12_22-00
[redacted],"Utilization of availability manager internal processes, in %",0,%,2025-08-12_22-00
[redacted],"Utilization of history poller internal processes, in %",0.006773920406435224,%,2025-08-12_22-00
[redacted],"Utilization of trigger housekeeper internal processes, in %",0,%,2025-08-12_22-00
[redacted],Version,7.2.5,,2025-08-12_22-00
[redacted],"Utilization of service manager internal processes, in %",0.016926201760324982,%,2025-08-12_22-00
[redacted],"Utilization of ODBC poller data collector processes, in %",0,%,2025-08-12_22-00
[redacted],REDACTED,REDACTED,,2025-08-12_22-00
[redacted],Free swap space,0,B,2025-08-12_22-00
[redacted],CPU system time,1.251422,%,2025-08-12_22-00
[redacted],CPU user time,3.088657,%,2025-08-12_22-00
[redacted],REDACTED,REDACTED,,2025-08-12_22-00
[redacted],System local time,1755035992,unixtime,2025-08-12_22-00
[redacted],Operating system architecture,x86_64,,2025-08-12_22-00
[redacted],Operating system,"Linux version 6.1.0-31-amd64 (debian-kernel@lists.debian.org) (gcc-12 (Debian 12.2.0-14) 12.2.0, GNU ld (GNU Binutils for Debian) 2.40) #1 SMP PREEMPT_DYNAMIC Debian 6.1.128-1 (2025-02-07)",,2025-08-12_22-00
[redacted],Number of installed packages,1041,,2025-08-12_22-00
[redacted],Free swap space in %,100,%,2025-08-12_22-00
[redacted],Zabbix agent ping,1,,2025-08-12_22-00
[redacted],Total swap space,0,B,2025-08-12_22-00
[redacted],REDACTED,REDACTED,,2025-08-12_22-00
[redacted],System uptime,14461337,uptime,2025-08-12_22-00
[redacted],Number of logged in users,1,,2025-08-12_22-00
[redacted],Checksum of /etc/passwd,93ea0a643b844fa3f71fa03c908c37e016af6d06b6254ba209307bee75a0c54e,,2025-08-12_22-00
[redacted],Available memory,1993461760,B,2025-08-12_22-00
[redacted],Available memory in %,24.528194,%,2025-08-12_22-00
[redacted],Total memory,8127225856,B,2025-08-12_22-00
[redacted],CPU steal time,0,%,2025-08-12_22-00
[redacted],CPU softirq time,0.39624,%,2025-08-12_22-00
[redacted],CPU nice time,0,%,2025-08-12_22-00
[redacted],Load average (1m avg),0.072754,,2025-08-12_22-00
[redacted],Version of Zabbix agent running,7.2.5,,2025-08-12_22-00
[redacted],Maximum number of open file descriptors,9223372036854775807,,2025-08-12_22-00
[redacted],Maximum number of processes,4194304,,2025-08-12_22-00
[redacted],Number of processes,409,,2025-08-12_22-00
[redacted],Number of running processes,0,,2025-08-12_22-00
[redacted],System boot time,1740574663,unixtime,2025-08-12_22-00
[redacted],Interrupts per second,1523.292548129019,,2025-08-12_22-00
[redacted],Load average (5m avg),0.171875,,2025-08-12_22-00
[redacted],CPU iowait time,0.080105,%,2025-08-12_22-00
[redacted],Load average (15m avg),0.181641,,2025-08-12_22-00
[redacted],Number of CPUs,4,,2025-08-12_22-00
[redacted],Context switches per second,2484.383390816681,,2025-08-12_22-00
[redacted],CPU guest time,0,%,2025-08-12_22-00
[redacted],CPU guest nice time,0,%,2025-08-12_22-00
[redacted],CPU idle time,95.27745,%,2025-08-12_22-00
[redacted],CPU interrupt time,0,%,2025-08-12_22-00
[redacted],Zabbix agent availability,1,,2025-08-12_22-00
[redacted],CPU utilization,4.722549999999998,%,2025-08-12_22-00
[redacted],Memory utilization,75.471806,%,2025-08-12_22-00
[redacted],Zabbix proxies stats,,,2025-08-12_22-00
[redacted],Get filesystems,,,2025-08-12_22-00
[redacted],Discovery queue,0,,2025-08-12_22-00
[redacted],"Utilization of discovery manager internal processes, in %",0,%,2025-08-12_22-00
[redacted],"Utilization of discovery worker internal processes, in %",0,%,2025-08-12_22-00
[redacted],"Utilization of agent poller data collector processes, in %",0.0847457627118644,%,2025-08-12_22-00
[redacted],"Utilization of http agent poller data collector processes, in %",0,%,2025-08-12_22-00
[redacted],"Utilization of snmp poller data collector processes, in %",0,%,2025-08-12_22-00
[redacted],Number of values synchronized with the database per second,12.317636323101485,!vps,2025-08-12_22-00
[redacted],"Utilization of browser poller data collector processes, in %",0,%,2025-08-12_22-00
[redacted],"Utilization of configuration syncer worker internal processes, in %",0,%,2025-08-12_22-00
[redacted],"Utilization of internal poller data collector processes, in %",0.016929067208396816,%,2025-08-12_22-00
[redacted],"Utilization of proxy group manager internal processes, in %",0,%,2025-08-12_22-00
[redacted],Zabbix proxy groups stats,,,2025-08-12_22-00
[redacted],FS [/]: Get data,"{""fsname"":""/"",""options"":""rw,relatime,errors=remount-ro"",""bytes"":{""used"":55266623488,""free"":21740736512,""total"":80321626112,""pused"":71.7679757986769,""pfree"":28.232024201323096},""fstype"":""ext4"",""inodes"":{""used"":1295938,""free"":3585806,""total"":4881744,""pused"":26.546619404868423,""pfree"":73.453380595131577}}",,2025-08-12_22-00
[redacted],FS [/]: Space: Available,21740736512,B,2025-08-12_22-00
[redacted],FS [/]: Option: Read-only,0,,2025-08-12_22-00
[redacted],FS [/]: Space: Used,55266623488,B,2025-08-12_22-00
[redacted],FS [/]: Space: Total,80321626112,B,2025-08-12_22-00
[redacted],"FS [/]: Space: Used, in %",71.7679757986769,%,2025-08-12_22-00
[redacted],"FS [/]: Inodes: Free, in %",73.45338059513158,%,2025-08-12_22-00
[redacted],Interface eth0: Inbound packets discarded,0,,2025-08-12_22-00
[redacted],Interface tailscale0: Inbound packets discarded,0,,2025-08-12_22-00
[redacted],Interface eth0: Inbound packets with errors,0,,2025-08-12_22-00
[redacted],Interface tailscale0: Inbound packets with errors,0,,2025-08-12_22-00
[redacted],Interface eth0: Bits received,33376,bps,2025-08-12_22-00
[redacted],Interface tailscale0: Bits received,11200,bps,2025-08-12_22-00
[redacted],Interface eth0: Outbound packets discarded,0,,2025-08-12_22-00
[redacted],Interface tailscale0: Outbound packets discarded,0,,2025-08-12_22-00
[redacted],Interface eth0: Outbound packets with errors,0,,2025-08-12_22-00
[redacted],Interface tailscale0: Outbound packets with errors,0,,2025-08-12_22-00
[redacted],Interface eth0: Bits sent,50016,bps,2025-08-12_22-00
[redacted],Interface tailscale0: Bits sent,7984,bps,2025-08-12_22-00
[redacted],Interface eth0: Operational status,6,,2025-08-12_22-00
[redacted],Interface tailscale0: Operational status,0,,2025-08-12_22-00
[redacted],Interface eth0: Interface type,1,,2025-08-12_22-00
[redacted],Interface tailscale0: Interface type,65534,,2025-08-12_22-00
[redacted],Zabbix stats cluster,,,2025-08-12_22-00
[redacted],sda: Get stats,,,2025-08-12_22-00
[redacted],sda: Disk write time (rate),0.010182982970662873,,2025-08-12_22-00
[redacted],sda: Disk write rate,12.432905558288876,!w/s,2025-08-12_22-00
[redacted],sda: Disk utilization,0.4333184242835265,%,2025-08-12_22-00
[redacted],sda: Disk read time (rate),0.0001333287459333928,,2025-08-12_22-00
[redacted],sda: Disk read rate,0.23332530538343735,!r/s,2025-08-12_22-00
[redacted],sda: Disk average queue size (avgqu-sz),0.01191625666779698,,2025-08-12_22-00
[redacted],sda: Disk read request avg waiting time (r_await),0.4,!ms,2025-08-12_22-00
[redacted],sda: Disk write request avg waiting time (w_await),0.7548543689320389,!ms,2025-08-12_22-00
[redacted],Get archive,,,2025-08-12_22-00
[redacted],Count of autovacuum workers,0,,2025-08-12_22-00
[redacted],Get connections sum,,,2025-08-12_22-00
[redacted],Get dbstat sum,,,2025-08-12_22-00
[redacted],Get dbstat,,,2025-08-12_22-00
[redacted],Get locks,,,2025-08-12_22-00
[redacted],Age of oldest xid,0,,2025-08-12_22-00
[redacted],Ping,1,,2025-08-12_22-00
[redacted],Get queries,,,2025-08-12_22-00
[redacted],Replication: Standby count,0,,2025-08-12_22-00
[redacted],Replication: Lag in bytes,0,B,2025-08-12_22-00
[redacted],Replication: Lag in seconds,0,s,2025-08-12_22-00
[redacted],Get replication,,,2025-08-12_22-00
[redacted],Replication: Recovery role,0,,2025-08-12_22-00
[redacted],Replication: Status,2,,2025-08-12_22-00
[redacted],Uptime,10388986.051292,s,2025-08-12_22-00
[redacted],Version,"PostgreSQL 17.4 (Debian 17.4-1.pgdg120+2) on x86_64-pc-linux-gnu, compiled by gcc (Debian 12.2.0-14) 12.2.0, 64-bit",,2025-08-12_22-00
[redacted],Get WAL,,,2025-08-12_22-00
[redacted],Archive: Count of archived files,0,,2025-08-12_22-00
[redacted],Archive: Count of files in archive_status need to archive,0,,2025-08-12_22-00
[redacted],Archive: Count of failed attempts to archive files,0,,2025-08-12_22-00
[redacted],Archive: Size of files need to archive,0,,2025-08-12_22-00
[redacted],Dbstat: Number temp bytes per second,0,b,2025-08-12_22-00
[redacted],Dbstat: Hit blocks read per second,185.18121191897407,,2025-08-12_22-00
[redacted],Dbstat: Disk blocks read per second,0.18333123311211547,,2025-08-12_22-00
[redacted],Dbstat: Blocks read time,0,s,2025-08-12_22-00
[redacted],Dbstat: Blocks write time,0,s,2025-08-12_22-00
[redacted],Dbstat: Checksum failures per second,0,,2025-08-12_22-00
[redacted],Dbstat: Conflicts per second,0,,2025-08-12_22-00
[redacted],Dbstat: Deadlocks per second,0,,2025-08-12_22-00
[redacted],Dbstat: Backends connected,28,,2025-08-12_22-00
[redacted],Dbstat: Number temp files per second,0,,2025-08-12_22-00
[redacted],Dbstat: Rows deleted per second,0,,2025-08-12_22-00
[redacted],Dbstat: Rows fetched per second,33.482949756567265,,2025-08-12_22-00
[redacted],Dbstat: Rows inserted per second,12.733187463423292,,2025-08-12_22-00
[redacted],Dbstat: Rows returned per second,1992.9605022103322,,2025-08-12_22-00
[redacted],Dbstat: Rows updated per second,0.19999770884958049,,2025-08-12_22-00
[redacted],Dbstat: Committed transactions per second,13.783175434883589,,2025-08-12_22-00
[redacted],Dbstat: Roll backed transactions per second,0.01666647573746504,,2025-08-12_22-00
[redacted],Connections sum: Active,1,,2025-08-12_22-00
[redacted],Connections sum: Disabled,0,,2025-08-12_22-00
[redacted],Connections sum: Fastpath function call,0,,2025-08-12_22-00
[redacted],Connections sum: Idle,27,,2025-08-12_22-00
[redacted],Connections sum: Idle in transaction,0,,2025-08-12_22-00
[redacted],Connections sum: Idle in transaction (aborted),0,,2025-08-12_22-00
[redacted],Connections sum: Prepared,0,,2025-08-12_22-00
[redacted],Connections sum: Total,28,,2025-08-12_22-00
[redacted],"Connections sum: Total, %",28,%,2025-08-12_22-00
[redacted],Connections sum: Waiting,27,,2025-08-12_22-00
[redacted],WAL: Segments count,5,,2025-08-12_22-00
[redacted],WAL: Bytes received,0,B,2025-08-12_22-00
[redacted],WAL: Bytes written,17855,B,2025-08-12_22-00
[redacted],"Cache hit ratio, %",99.86533800161594,%,2025-08-12_22-00
[redacted],DB [postgres]: Database age,54522356,,2025-08-12_22-00
[redacted],DB [zabbix]: Database age,54522358,,2025-08-12_22-00
[redacted],DB [synapse]: Database age,54522362,,2025-08-12_22-00
[redacted],DB [postgres]: Bloating tables,0,,2025-08-12_22-00
[redacted],DB [zabbix]: Bloating tables,5,,2025-08-12_22-00
[redacted],DB [synapse]: Bloating tables,0,,2025-08-12_22-00
[redacted],DB [postgres]: Database size,7826579,B,2025-08-12_22-00
[redacted],DB [zabbix]: Database size,4159450259,B,2025-08-12_22-00
[redacted],DB [synapse]: Database size,7900307,B,2025-08-12_22-00
[redacted],DB [postgres]: Get dbstat,,,2025-08-12_22-00
[redacted],DB [postgres]: Rollbacks per second,0.01666640679071886,,2025-08-12_22-00
[redacted],DB [postgres]: Commits per second,0.3333281358143772,,2025-08-12_22-00
[redacted],DB [postgres]: Tuples updated per second,0,,2025-08-12_22-00
[redacted],DB [postgres]: Tuples returned per second,21.666328827934517,,2025-08-12_22-00
[redacted],DB [postgres]: Tuples inserted per second,0,,2025-08-12_22-00
[redacted],DB [postgres]: Tuples fetched per second,0.23332969507006404,,2025-08-12_22-00
[redacted],DB [postgres]: Tuples deleted per second,0,,2025-08-12_22-00
[redacted],DB [postgres]: Temp_files created per second,0,,2025-08-12_22-00
[redacted],DB [postgres]: Temp_bytes written per second,0,B,2025-08-12_22-00
[redacted],DB [postgres]: Backends connected,2,,2025-08-12_22-00
[redacted],DB [postgres]: Detected deadlocks per second,0,,2025-08-12_22-00
[redacted],DB [postgres]: Detected conflicts per second,0,,2025-08-12_22-00
[redacted],DB [postgres]: Checksum failures,0,,2025-08-12_22-00
[redacted],DB [postgres]: Disk blocks write time,0,s,2025-08-12_22-00
[redacted],DB [postgres]: Disk blocks read time per second,0,s,2025-08-12_22-00
[redacted],DB [postgres]: Blocks hit per second,1.4666437975832596,,2025-08-12_22-00
[redacted],DB [postgres]: Disk blocks read per second,0,,2025-08-12_22-00
[redacted],DB [zabbix]: Get dbstat,,,2025-08-12_22-00
[redacted],DB [zabbix]: Rollbacks per second,0,,2025-08-12_22-00
[redacted],DB [zabbix]: Commits per second,13.133128551086461,,2025-08-12_22-00
[redacted],DB [zabbix]: Tuples updated per second,0.19999688148862632,,2025-08-12_22-00
[redacted],DB [zabbix]: Tuples returned per second,1934.1198416561328,,2025-08-12_22-00
[redacted],DB [zabbix]: Tuples inserted per second,12.56647072020202,,2025-08-12_22-00
[redacted],DB [zabbix]: Tuples fetched per second,32.53282605548321,,2025-08-12_22-00
[redacted],DB [zabbix]: Tuples deleted per second,0,,2025-08-12_22-00
[redacted],DB [zabbix]: Temp_files created per second,0,,2025-08-12_22-00
[redacted],DB [zabbix]: Temp_bytes written per second,0,B,2025-08-12_22-00
[redacted],DB [zabbix]: Backends connected,25,,2025-08-12_22-00
[redacted],DB [zabbix]: Detected deadlocks per second,0,,2025-08-12_22-00
[redacted],DB [zabbix]: Detected conflicts per second,0,,2025-08-12_22-00
[redacted],DB [zabbix]: Checksum failures,0,,2025-08-12_22-00
[redacted],DB [zabbix]: Disk blocks write time,0,s,2025-08-12_22-00
[redacted],DB [zabbix]: Disk blocks read time per second,0,s,2025-08-12_22-00
[redacted],DB [zabbix]: Blocks hit per second,179.01387533911128,,2025-08-12_22-00
[redacted],DB [zabbix]: Disk blocks read per second,0.19999688148862632,,2025-08-12_22-00
[redacted],DB [synapse]: Get dbstat,,,2025-08-12_22-00
[redacted],DB [synapse]: Rollbacks per second,0,,2025-08-12_22-00
[redacted],DB [synapse]: Commits per second,0.04999922037215658,,2025-08-12_22-00
[redacted],DB [synapse]: Tuples updated per second,0,,2025-08-12_22-00
[redacted],DB [synapse]: Tuples returned per second,21.666328827934517,,2025-08-12_22-00
[redacted],DB [synapse]: Tuples inserted per second,0,,2025-08-12_22-00
[redacted],DB [synapse]: Tuples fetched per second,0.23332969507006404,,2025-08-12_22-00
[redacted],DB [synapse]: Tuples deleted per second,0,,2025-08-12_22-00
[redacted],DB [synapse]: Temp_files created per second,0,,2025-08-12_22-00
[redacted],DB [synapse]: Temp_bytes written per second,0,B,2025-08-12_22-00
[redacted],DB [synapse]: Backends connected,1,,2025-08-12_22-00
[redacted],DB [synapse]: Detected deadlocks per second,0,,2025-08-12_22-00
[redacted],DB [synapse]: Detected conflicts per second,0,,2025-08-12_22-00
[redacted],DB [synapse]: Checksum failures,0,,2025-08-12_22-00
[redacted],DB [synapse]: Disk blocks write time,0,s,2025-08-12_22-00
[redacted],DB [synapse]: Disk blocks read time per second,0,s,2025-08-12_22-00
[redacted],DB [synapse]: Blocks hit per second,1.4666437975832596,,2025-08-12_22-00
[redacted],DB [synapse]: Disk blocks read per second,0,,2025-08-12_22-00
[redacted],DB [postgres]: Get locks,,,2025-08-12_22-00
[redacted],DB [postgres]: Num of locks total,1,,2025-08-12_22-00
[redacted],DB [postgres]: Num of share locks,0,,2025-08-12_22-00
[redacted],DB [postgres]: Num of shareupdateexclusive locks,0,,2025-08-12_22-00
[redacted],DB [postgres]: Num of sharerowexclusive locks,0,,2025-08-12_22-00
[redacted],DB [postgres]: Num of rowshare locks,0,,2025-08-12_22-00
[redacted],DB [postgres]: Num of rowexclusive locks,0,,2025-08-12_22-00
[redacted],DB [postgres]: Num of exclusive locks,0,,2025-08-12_22-00
[redacted],DB [postgres]: Num of accessshare locks,1,,2025-08-12_22-00
[redacted],DB [postgres]: Num of accessexclusive locks,0,,2025-08-12_22-00
[redacted],DB [zabbix]: Get locks,,,2025-08-12_22-00
[redacted],DB [zabbix]: Num of locks total,0,,2025-08-12_22-00
[redacted],DB [zabbix]: Num of share locks,0,,2025-08-12_22-00
[redacted],DB [zabbix]: Num of shareupdateexclusive locks,0,,2025-08-12_22-00
[redacted],DB [zabbix]: Num of sharerowexclusive locks,0,,2025-08-12_22-00
[redacted],DB [zabbix]: Num of rowshare locks,0,,2025-08-12_22-00
[redacted],DB [zabbix]: Num of rowexclusive locks,0,,2025-08-12_22-00
[redacted],DB [zabbix]: Num of exclusive locks,0,,2025-08-12_22-00
[redacted],DB [zabbix]: Num of accessshare locks,0,,2025-08-12_22-00
[redacted],DB [zabbix]: Num of accessexclusive locks,0,,2025-08-12_22-00
[redacted],DB [synapse]: Get locks,,,2025-08-12_22-00
[redacted],DB [synapse]: Num of locks total,0,,2025-08-12_22-00
[redacted],DB [synapse]: Num of share locks,0,,2025-08-12_22-00
[redacted],DB [synapse]: Num of shareupdateexclusive locks,0,,2025-08-12_22-00
[redacted],DB [synapse]: Num of sharerowexclusive locks,0,,2025-08-12_22-00
[redacted],DB [synapse]: Num of rowshare locks,0,,2025-08-12_22-00
[redacted],DB [synapse]: Num of rowexclusive locks,0,,2025-08-12_22-00
[redacted],DB [synapse]: Num of exclusive locks,0,,2025-08-12_22-00
[redacted],DB [synapse]: Num of accessshare locks,0,,2025-08-12_22-00
[redacted],DB [synapse]: Num of accessexclusive locks,0,,2025-08-12_22-00
[redacted],DB [postgres]: Get queries,,,2025-08-12_22-00
[redacted],DB [postgres]: Queries sum transaction time,0,s,2025-08-12_22-00
[redacted],DB [postgres]: Queries max transaction time,0,s,2025-08-12_22-00
[redacted],DB [postgres]: Queries slow transaction count,0,,2025-08-12_22-00
[redacted],DB [postgres]: Queries sum query time,0,s,2025-08-12_22-00
[redacted],DB [postgres]: Queries max query time,0,s,2025-08-12_22-00
[redacted],DB [postgres]: Queries slow query count,0,,2025-08-12_22-00
[redacted],DB [postgres]: Queries sum maintenance time,0,s,2025-08-12_22-00
[redacted],DB [postgres]: Queries max maintenance time,0,s,2025-08-12_22-00
[redacted],DB [postgres]: Queries slow maintenance count,0,,2025-08-12_22-00
[redacted],DB [zabbix]: Get queries,,,2025-08-12_22-00
[redacted],DB [zabbix]: Queries sum transaction time,0,s,2025-08-12_22-00
[redacted],DB [zabbix]: Queries max transaction time,0,s,2025-08-12_22-00
[redacted],DB [zabbix]: Queries slow transaction count,0,,2025-08-12_22-00
[redacted],DB [zabbix]: Queries sum query time,0,s,2025-08-12_22-00
[redacted],DB [zabbix]: Queries max query time,0,s,2025-08-12_22-00
[redacted],DB [zabbix]: Queries slow query count,0,,2025-08-12_22-00
[redacted],DB [zabbix]: Queries sum maintenance time,0,s,2025-08-12_22-00
[redacted],DB [zabbix]: Queries max maintenance time,0,s,2025-08-12_22-00
[redacted],DB [zabbix]: Queries slow maintenance count,0,,2025-08-12_22-00
[redacted],DB [synapse]: Get queries,,,2025-08-12_22-00
[redacted],DB [synapse]: Queries sum transaction time,0,s,2025-08-12_22-00
[redacted],DB [synapse]: Queries max transaction time,0,s,2025-08-12_22-00
[redacted],DB [synapse]: Queries slow transaction count,0,,2025-08-12_22-00
[redacted],DB [synapse]: Queries sum query time,0,s,2025-08-12_22-00
[redacted],DB [synapse]: Queries max query time,0,s,2025-08-12_22-00
[redacted],DB [synapse]: Queries slow query count,0,,2025-08-12_22-00
[redacted],DB [synapse]: Queries sum maintenance time,0,s,2025-08-12_22-00
[redacted],DB [synapse]: Queries max maintenance time,0,s,2025-08-12_22-00
[redacted],DB [synapse]: Queries slow maintenance count,0,,2025-08-12_22-00
[redacted],Interface enp8s0: Bits received,86568,bps,2025-08-12_22-00
[redacted],Total memory,33571282944,B,2025-08-12_22-00
[redacted],REDACTED,REDACTED,,2025-08-12_22-00
[redacted],Free swap space,8572104704,B,2025-08-12_22-00
[redacted],CPU system time,1.420962,%,2025-08-12_22-00
[redacted],CPU user time,0.690261,%,2025-08-12_22-00
[redacted],REDACTED,REDACTED,,2025-08-12_22-00
[redacted],System local time,1755035963,unixtime,2025-08-12_22-00
[redacted],Operating system architecture,x86_64,,2025-08-12_22-00
[redacted],Operating system,"Linux version 6.8.12-11-pve (build@proxmox) (gcc (Debian 12.2.0-14+deb12u1) 12.2.0, GNU ld (GNU Binutils for Debian) 2.40) #1 SMP PREEMPT_DYNAMIC PMX 6.8.12-11 (2025-05-22T09:39Z)",,2025-08-12_22-00
[redacted],Number of installed packages,837,,2025-08-12_22-00
[redacted],Free swap space in %,99.79248,%,2025-08-12_22-00
[redacted],Zabbix agent ping,1,,2025-08-12_22-00
[redacted],Total swap space,8589930496,B,2025-08-12_22-00
[redacted],REDACTED,REDACTED,,2025-08-12_22-00
[redacted],System uptime,2524181,uptime,2025-08-12_22-00
[redacted],Number of logged in users,0,,2025-08-12_22-00
[redacted],Checksum of /etc/passwd,db22d70e0ab6919560ad2cb27dfa2875537cd8bce3c618aa82f1ab2407970dd6,,2025-08-12_22-00
[redacted],Available memory,9459208192,B,2025-08-12_22-00
[redacted],Available memory in %,28.176487,%,2025-08-12_22-00
[redacted],CPU steal time,0,%,2025-08-12_22-00
[redacted],CPU softirq time,0.005576,%,2025-08-12_22-00
[redacted],CPU nice time,0,%,2025-08-12_22-00
[redacted],Load average (1m avg),0.663086,,2025-08-12_22-00
[redacted],Version of Zabbix agent running,7.2.8,,2025-08-12_22-00
[redacted],Maximum number of open file descriptors,9223372036854775807,,2025-08-12_22-00
[redacted],Maximum number of processes,4194304,,2025-08-12_22-00
[redacted],Number of processes,360,,2025-08-12_22-00
[redacted],Number of running processes,1,,2025-08-12_22-00
[redacted],System boot time,1752511821,unixtime,2025-08-12_22-00
[redacted],Interrupts per second,12858.720009014909,,2025-08-12_22-00
[redacted],Load average (5m avg),0.519531,,2025-08-12_22-00
[redacted],CPU iowait time,0.082264,%,2025-08-12_22-00
[redacted],Load average (15m avg),0.483398,,2025-08-12_22-00
[redacted],Number of CPUs,12,,2025-08-12_22-00
[redacted],Context switches per second,19734.95488488011,,2025-08-12_22-00
[redacted],CPU guest time,2.344284,%,2025-08-12_22-00
[redacted],CPU guest nice time,0,%,2025-08-12_22-00
[redacted],CPU idle time,95.319926,%,2025-08-12_22-00
[redacted],CPU interrupt time,0,%,2025-08-12_22-00
[redacted],Zabbix agent availability,1,,2025-08-12_22-00
[redacted],Get filesystems,,,2025-08-12_22-00
[redacted],CPU utilization,4.680074000000005,%,2025-08-12_22-00
[redacted],Memory utilization,71.82351299999999,%,2025-08-12_22-00
[redacted],FS [/]: Get data,"{""fsname"":""/"",""options"":""rw,relatime,errors=remount-ro"",""bytes"":{""used"":16386654208,""free"":79304335360,""total"":100861726720,""pused"":17.124553,""pfree"":82.875447},""fstype"":""ext4"",""inodes"":{""used"":68347,""free"":6223109,""total"":6291456,""pused"":1.086346,""pfree"":98.913654}}",,2025-08-12_22-00
[redacted],FS [/]: Space: Available,79304335360,B,2025-08-12_22-00
[redacted],FS [/]: Option: Read-only,0,,2025-08-12_22-00
[redacted],FS [/]: Space: Used,16386654208,B,2025-08-12_22-00
[redacted],FS [/]: Space: Total,100861726720,B,2025-08-12_22-00
[redacted],"FS [/]: Space: Used, in %",17.124553,%,2025-08-12_22-00
[redacted],"FS [/]: Inodes: Free, in %",98.913654,%,2025-08-12_22-00
[redacted],Interface vmbr0: Bits received,68472,bps,2025-08-12_22-00
[redacted],Interface tap101i0: Bits received,272,bps,2025-08-12_22-00
[redacted],Interface tailscale0: Bits received,3176,bps,2025-08-12_22-00
[redacted],Interface enp8s0: Outbound packets discarded,0,,2025-08-12_22-00
[redacted],Interface vmbr0: Outbound packets discarded,0,,2025-08-12_22-00
[redacted],Interface tap101i0: Outbound packets discarded,0,,2025-08-12_22-00
[redacted],Interface tailscale0: Outbound packets discarded,0,,2025-08-12_22-00
[redacted],Interface enp8s0: Inbound packets discarded,0,,2025-08-12_22-00
[redacted],Interface vmbr0: Inbound packets discarded,0,,2025-08-12_22-00
[redacted],Interface tap101i0: Inbound packets discarded,0,,2025-08-12_22-00
[redacted],Interface tailscale0: Inbound packets discarded,0,,2025-08-12_22-00
[redacted],Interface enp8s0: Inbound packets with errors,0,,2025-08-12_22-00
[redacted],Interface vmbr0: Inbound packets with errors,0,,2025-08-12_22-00
[redacted],Interface tap101i0: Inbound packets with errors,0,,2025-08-12_22-00
[redacted],Interface tailscale0: Inbound packets with errors,0,,2025-08-12_22-00
[redacted],Interface enp8s0: Outbound packets with errors,0,,2025-08-12_22-00
[redacted],Interface vmbr0: Outbound packets with errors,0,,2025-08-12_22-00
[redacted],Interface tap108i0: Bits received,0,bps,2025-08-12_22-00
[redacted],Interface fwbr108i0: Bits received,7144,bps,2025-08-12_22-00
[redacted],Interface tap101i0: Outbound packets with errors,0,,2025-08-12_22-00
[redacted],Interface fwpr108p0: Bits received,0,bps,2025-08-12_22-00
[redacted],Interface fwln108i0: Bits received,7440,bps,2025-08-12_22-00
[redacted],Interface tap108i0: Outbound packets discarded,0,,2025-08-12_22-00
[redacted],Interface fwbr108i0: Outbound packets discarded,0,,2025-08-12_22-00
[redacted],Interface fwpr108p0: Outbound packets discarded,0,,2025-08-12_22-00
[redacted],Interface fwln108i0: Outbound packets discarded,0,,2025-08-12_22-00
[redacted],Interface tap108i0: Inbound packets discarded,0,,2025-08-12_22-00
[redacted],Interface fwbr108i0: Inbound packets discarded,0,,2025-08-12_22-00
[redacted],Interface tailscale0: Outbound packets with errors,0,,2025-08-12_22-00
[redacted],Interface enp8s0: Bits sent,66768,bps,2025-08-12_22-00
[redacted],Interface vmbr0: Bits sent,56680,bps,2025-08-12_22-00
[redacted],Interface fwpr108p0: Inbound packets discarded,0,,2025-08-12_22-00
[redacted],Interface fwln108i0: Inbound packets discarded,0,,2025-08-12_22-00
[redacted],Interface tap101i0: Bits sent,7680,bps,2025-08-12_22-00
[redacted],Interface tap108i0: Inbound packets with errors,0,,2025-08-12_22-00
[redacted],Interface fwbr108i0: Inbound packets with errors,0,,2025-08-12_22-00
[redacted],Interface fwpr108p0: Inbound packets with errors,0,,2025-08-12_22-00
[redacted],Interface fwln108i0: Inbound packets with errors,0,,2025-08-12_22-00
[redacted],Interface tap108i0: Outbound packets with errors,0,,2025-08-12_22-00
[redacted],Interface fwbr108i0: Outbound packets with errors,0,,2025-08-12_22-00
[redacted],Interface fwpr108p0: Outbound packets with errors,0,,2025-08-12_22-00
[redacted],Interface tailscale0: Bits sent,4096,bps,2025-08-12_22-00
[redacted],Interface enp8s0: Operational status,6,,2025-08-12_22-00
[redacted],Interface vmbr0: Operational status,6,,2025-08-12_22-00
[redacted],Interface fwln108i0: Outbound packets with errors,0,,2025-08-12_22-00
[redacted],Interface tap108i0: Bits sent,6472,bps,2025-08-12_22-00
[redacted],Interface fwbr108i0: Bits sent,0,bps,2025-08-12_22-00
[redacted],Interface fwpr108p0: Bits sent,6480,bps,2025-08-12_22-00
[redacted],Interface fwln108i0: Bits sent,0,bps,2025-08-12_22-00
[redacted],Interface tailscale0: Operational status,0,,2025-08-12_22-00
[redacted],Interface enp8s0: Interface type,1,,2025-08-12_22-00
[redacted],Interface vmbr0: Interface type,1,,2025-08-12_22-00
[redacted],Interface tap108i0: Operational status,0,,2025-08-12_22-00
[redacted],Interface tap101i0: Interface type,1,,2025-08-12_22-00
[redacted],Interface fwbr108i0: Operational status,6,,2025-08-12_22-00
[redacted],Interface fwpr108p0: Operational status,6,,2025-08-12_22-00
[redacted],Interface fwln108i0: Operational status,6,,2025-08-12_22-00
[redacted],Interface tap108i0: Interface type,1,,2025-08-12_22-00
[redacted],Interface tailscale0: Interface type,65534,,2025-08-12_22-00
[redacted],Interface enp8s0: Speed,1000000000,bps,2025-08-12_22-00
[redacted],Interface vmbr0: Speed,10000000000,bps,2025-08-12_22-00
[redacted],Interface tap101i0: Speed,10000000000,bps,2025-08-12_22-00
[redacted],Interface tap106i0: Operational status,0,,2025-08-12_22-00
[redacted],Interface tap106i0: Bits received,9472,bps,2025-08-12_22-00
[redacted],Interface tap106i0: Outbound packets discarded,0,,2025-08-12_22-00
[redacted],Interface tap106i0: Inbound packets discarded,0,,2025-08-12_22-00
[redacted],Interface fwbr108i0: Interface type,1,,2025-08-12_22-00
[redacted],Interface tap106i0: Inbound packets with errors,0,,2025-08-12_22-00
[redacted],Interface fwpr108p0: Interface type,1,,2025-08-12_22-00
[redacted],Interface fwln108i0: Interface type,1,,2025-08-12_22-00
[redacted],Interface tap104i0: Inbound packets with errors,0,,2025-08-12_22-00
[redacted],Interface tap108i0: Speed,10000000000,bps,2025-08-12_22-00
[redacted],Interface fwbr108i0: Speed,10000000000,bps,2025-08-12_22-00
[redacted],Interface fwpr108p0: Speed,10000000000,bps,2025-08-12_22-00
[redacted],Interface fwln108i0: Speed,10000000000,bps,2025-08-12_22-00
[redacted],Interface tap104i0: Interface type,1,,2025-08-12_22-00
[redacted],Interface tap104i0: Inbound packets discarded,0,,2025-08-12_22-00
[redacted],Interface tap104i0: Operational status,0,,2025-08-12_22-00
[redacted],Interface tap104i0: Bits sent,7320,bps,2025-08-12_22-00
[redacted],Interface tap101i0: Operational status,0,,2025-08-12_22-00
[redacted],nvme0n1: Get stats,,,2025-08-12_22-00
[redacted],nvme0n1: Disk write time (rate),0.013495986468604136,,2025-08-12_22-00
[redacted],nvme0n1: Disk write rate,50.55248459468629,!w/s,2025-08-12_22-00
[redacted],nvme0n1: Disk utilization,1.073768266480183,%,2025-08-12_22-00
[redacted],nvme0n1: Disk read time (rate),0.0011164563015390284,,2025-08-12_22-00
[redacted],nvme0n1: Disk read rate,1.5104997020822146,!r/s,2025-08-12_22-00
[redacted],nvme0n1: Disk average queue size (avgqu-sz),0.023888881157930676,,2025-08-12_22-00
[redacted],nvme0n1: Disk read request avg waiting time (r_await),0,!ms,2025-08-12_22-00
[redacted],nvme0n1: Disk write request avg waiting time (w_await),0.29646936656282447,!ms,2025-08-12_22-00
[redacted],Interface tap104i0: Outbound packets discarded,0,,2025-08-12_22-00
[redacted],Interface tap106i0: Bits sent,22616,bps,2025-08-12_22-00
[redacted],Interface tap106i0: Interface type,1,,2025-08-12_22-00
[redacted],Interface tap104i0: Outbound packets with errors,0,,2025-08-12_22-00
[redacted],Interface tap104i0: Bits received,0,bps,2025-08-12_22-00
[redacted],Interface tap104i0: Speed,10000000000,bps,2025-08-12_22-00
[redacted],Interface tap106i0: Outbound packets with errors,0,,2025-08-12_22-00
[redacted],Interface tap106i0: Speed,10000000000,bps,2025-08-12_22-00
[redacted],Interface wg0: Bits received,1464,bps,2025-08-12_22-00
[redacted],Interface wg0: Outbound packets discarded,0,,2025-08-12_22-00
[redacted],Interface wg0: Inbound packets discarded,0,,2025-08-12_22-00
[redacted],Interface wg0: Inbound packets with errors,0,,2025-08-12_22-00
[redacted],Interface wg0: Outbound packets with errors,0,,2025-08-12_22-00
[redacted],Interface wg0: Bits sent,2168,bps,2025-08-12_22-00
[redacted],Total memory,2025361408,B,2025-08-12_22-00
[redacted],REDACTED,REDACTED,,2025-08-12_22-00
[redacted],Free swap space,0,B,2025-08-12_22-00
[redacted],CPU system time,0.208768,%,2025-08-12_22-00
[redacted],CPU user time,0.091858,%,2025-08-12_22-00
[redacted],REDACTED,REDACTED,,2025-08-12_22-00
[redacted],System local time,1755035954,unixtime,2025-08-12_22-00
[redacted],Operating system architecture,x86_64,,2025-08-12_22-00
[redacted],Operating system,"Linux version 6.1.0-29-cloud-amd64 (debian-kernel@lists.debian.org) (gcc-12 (Debian 12.2.0-14) 12.2.0, GNU ld (GNU Binutils for Debian) 2.40) #1 SMP PREEMPT_DYNAMIC Debian 6.1.123-1 (2025-01-02)",,2025-08-12_22-00
[redacted],Number of installed packages,594,,2025-08-12_22-00
[redacted],Free swap space in %,100,%,2025-08-12_22-00
[redacted],Zabbix agent ping,1,,2025-08-12_22-00
[redacted],Total swap space,0,B,2025-08-12_22-00
[redacted],REDACTED,REDACTED,,2025-08-12_22-00
[redacted],System uptime,17099991,uptime,2025-08-12_22-00
[redacted],Number of logged in users,1,,2025-08-12_22-00
[redacted],Checksum of /etc/passwd,0d1d2bb0506e94c06551d90b4007c705dc7ec766532b2fbce25a36f889d8b7d4,,2025-08-12_22-00
[redacted],Available memory,1484374016,B,2025-08-12_22-00
[redacted],Available memory in %,73.28934,%,2025-08-12_22-00
[redacted],CPU steal time,0.008354,%,2025-08-12_22-00
[redacted],CPU softirq time,0.008354,%,2025-08-12_22-00
[redacted],CPU nice time,0,%,2025-08-12_22-00
[redacted],Load average (1m avg),0.027344,,2025-08-12_22-00
[redacted],Version of Zabbix agent running,7.2.10,,2025-08-12_22-00
[redacted],Maximum number of open file descriptors,9223372036854775807,,2025-08-12_22-00
[redacted],Maximum number of processes,4194304,,2025-08-12_22-00
[redacted],Number of processes,102,,2025-08-12_22-00
[redacted],Number of running processes,1,,2025-08-12_22-00
[redacted],System boot time,1737936001,unixtime,2025-08-12_22-00
[redacted],Interrupts per second,264.8977875649961,,2025-08-12_22-00
[redacted],Load average (5m avg),0.009766,,2025-08-12_22-00
[redacted],CPU iowait time,0.008351,%,2025-08-12_22-00
[redacted],Load average (15m avg),0,,2025-08-12_22-00
[redacted],Number of CPUs,2,,2025-08-12_22-00
[redacted],Context switches per second,449.01409742296835,,2025-08-12_22-00
[redacted],CPU guest time,0,%,2025-08-12_22-00
[redacted],CPU guest nice time,0,%,2025-08-12_22-00
[redacted],CPU idle time,99.699349,%,2025-08-12_22-00
[redacted],CPU interrupt time,0,%,2025-08-12_22-00
[redacted],Zabbix agent availability,1,,2025-08-12_22-00
[redacted],Get filesystems,,,2025-08-12_22-00
[redacted],CPU utilization,0.300651000000002,%,2025-08-12_22-00
[redacted],Memory utilization,26.710660000000004,%,2025-08-12_22-00
[redacted],sda: Get stats,,,2025-08-12_22-00
[redacted],sda: Disk write time (rate),0.00048333552721745816,,2025-08-12_22-00
[redacted],sda: Disk write rate,2.9333466479404358,!w/s,2025-08-12_22-00
[redacted],sda: Disk utilization,0,%,2025-08-12_22-00
[redacted],sda: Disk read time (rate),0,,2025-08-12_22-00
[redacted],sda: Disk read rate,0,!r/s,2025-08-12_22-00
[redacted],sda: Disk average queue size (avgqu-sz),0.000516669011853145,,2025-08-12_22-00
[redacted],Interface ens3: Bits received,8488,bps,2025-08-12_22-00
[redacted],Interface tailscale0: Bits received,1976,bps,2025-08-12_22-00
[redacted],Interface ens3: Outbound packets discarded,0,,2025-08-12_22-00
[redacted],Interface tailscale0: Outbound packets discarded,0,,2025-08-12_22-00
[redacted],Interface ens3: Inbound packets discarded,0,,2025-08-12_22-00
[redacted],Interface tailscale0: Inbound packets discarded,0,,2025-08-12_22-00
[redacted],Interface ens3: Inbound packets with errors,0,,2025-08-12_22-00
[redacted],Interface tailscale0: Inbound packets with errors,0,,2025-08-12_22-00
[redacted],Interface ens3: Outbound packets with errors,0,,2025-08-12_22-00
[redacted],Interface tailscale0: Outbound packets with errors,0,,2025-08-12_22-00
[redacted],Interface ens3: Bits sent,11072,bps,2025-08-12_22-00
[redacted],Interface tailscale0: Bits sent,3120,bps,2025-08-12_22-00
[redacted],Interface ens3: Operational status,6,,2025-08-12_22-00
[redacted],Interface tailscale0: Operational status,0,,2025-08-12_22-00
[redacted],Interface ens3: Interface type,1,,2025-08-12_22-00
[redacted],Interface tailscale0: Interface type,65534,,2025-08-12_22-00
[redacted],FS [/]: Get data,"{""fsname"":""/"",""options"":""rw,relatime,discard,errors=remount-ro"",""bytes"":{""used"":8356069376,""free"":31992930304,""total"":42098429952,""pused"":20.709483,""pfree"":79.290517},""fstype"":""ext4"",""inodes"":{""used"":50797,""free"":2562451,""total"":2613248,""pused"":1.943826,""pfree"":98.056174}}",,2025-08-12_22-00
[redacted],FS [/]: Space: Available,31992930304,B,2025-08-12_22-00
[redacted],FS [/]: Option: Read-only,0,,2025-08-12_22-00
[redacted],FS [/]: Space: Used,8356069376,B,2025-08-12_22-00
[redacted],FS [/]: Space: Total,42098429952,B,2025-08-12_22-00
[redacted],"FS [/]: Space: Used, in %",20.709483,%,2025-08-12_22-00
[redacted],"FS [/]: Inodes: Free, in %",98.056174,%,2025-08-12_22-00
[redacted],sda: Disk read request avg waiting time (r_await),0,!ms,2025-08-12_22-00
[redacted],sda: Disk write request avg waiting time (w_await),0.24000000000000002,!ms,2025-08-12_22-00
[redacted],Interface wg0: Operational status,0,,2025-08-12_22-00
[redacted],Interface wg0: Interface type,65534,,2025-08-12_22-00
